{
  "interactionModel": {
    "languageModel": {
      "invocationName": "voice adventure",
      "intents": [
        {
          "name": "AMAZON.RepeatIntent",
          "samples": []
        },
        {
          "name": "AMAZON.FallbackIntent",
          "samples": []
        },
        {
          "name": "AMAZON.HelpIntent",
          "samples": []
        },
        {
          "name": "AMAZON.StopIntent",
          "samples": []
        },
        {
          "name": "AMAZON.CancelIntent",
          "samples": []
        },
        {
          "name": "WhatsappNachricht",
          "slots": [],
          "samples": [
            "Whatsapp schreiben",
            "auf Whatsapp anschreiben",
            "Whatsapp Nachricht schreiben",
            "Whatsapp Nachricht",
            "Whatsapp",
            "Ich möchte Erik auf Whatsapp anschreiben"
          ]
        },
        {
          "name": "Anrufen",
          "slots": [],
          "samples": [
            "Erik anrufen",
            "Anruf",
            "anrufen",
            "Ich möchte Erik anrufen"
          ]
        },
        {
          "name": "SMS",
          "slots": [],
          "samples": [
            "SMS",
            "SMS schicken",
            "SMS schreiben",
            "Ich möchte an Erik eine SMS schreiben",
            "Ich möchte Erik eine SMS schicken"
          ]
        },
        {
          "name": "zu_erik_nach_hause_gehen",
          "slots": [],
          "samples": [
            "nach Hause",
            "zu Erik",
            "Zu Erik nach Hause gehen"
          ]
        },
        {
          "name": "get_name",
          "slots": [
            {
              "name": "name",
              "type": "AMAZON.FirstName"
            }
          ],
          "samples": [
            "Mein Name ist {name}",
            "Meine Name ist {name}",
            "ich heiße {name}",
            "{name} "
          ]
        },
        {
          "name": "wegrennen",
          "slots": [],
          "samples": [
            "renn",
            "lauf",
            "laufen",
            "rennen"
          ]
        },
        {
          "name": "kaempfen",
          "slots": [],
          "samples": [
            "verteidigen"
          ]
        },
        {
          "name": "still_stehen",
          "slots": [],
          "samples": [
            "beweg dich nicht",
            "stehen bleiben",
            "ruhig sein",
            "stehen"
          ]
        },
        {
          "name": "camp_bauen",
          "slots": [],
          "samples": [
            "aufbauen",
            "lager",
            "camp"
          ]
        },
        {
          "name": "aus_dem_wald",
          "slots": [],
          "samples": [
            "raus aus dem wald",
            "raus"
          ]
        },
        {
          "name": "abwarten",
          "slots": [],
          "samples": [
            "warten"
          ]
        },
        {
          "name": "aufschneiden_und_fliehen",
          "slots": [],
          "samples": [
            "entkommen",
            "wegrennen",
            "schneiden",
            "aufschneiden",
            "fliehen"
          ]
        },
        {
          "name": "AMAZON.NavigateHomeIntent",
          "samples": []
        },
        {
          "name": "YesIntent",
          "slots": [],
          "samples": [
            "ja bitte",
            "ja"
          ]
        },
        {
          "name": "NoIntent",
          "slots": [],
          "samples": [
            "nö",
            "Nein danke",
            "Ne",
            "Nein"
          ]
        }
      ],
      "types": [],
      "modelConfiguration": {
        "fallbackIntentSensitivity": {
          "level": "LOW"
        }
      }
    },
    "dialog": {
      "intents": [
        {
          "name": "get_name",
          "confirmationRequired": false,
          "prompts": {},
          "slots": [
            {
              "name": "name",
              "type": "AMAZON.FirstName",
              "elicitationRequired": true,
              "confirmationRequired": false,
              "prompts": {
                "elicitation": "Elicit.Slot.1502394986217.371624804882"
              }
            }
          ]
        }
      ],
      "delegationStrategy": "ALWAYS"
    },
    "prompts": [
      {
        "id": "Elicit.Slot.1502394986217.371624804882",
        "variations": [
          {
            "type": "PlainText",
            "value": "Ich heiße Alexa."
          }
        ]
      }
    ]
  },
  "version": "5"
}