{
  "manifest": {
    "apis": {
      "custom": {
        "endpoint": {
          "uri": "arn:aws:lambda:eu-west-1:836743544584:function:a35bcd09-dbea-457a-af59-88a1db6d1f20:Release_0"
        },
        "interfaces": [],
        "regions": {
          "NA": {
            "endpoint": {
              "uri": "arn:aws:lambda:us-east-1:836743544584:function:a35bcd09-dbea-457a-af59-88a1db6d1f20:Release_0"
            }
          },
          "EU": {
            "endpoint": {
              "uri": "arn:aws:lambda:eu-west-1:836743544584:function:a35bcd09-dbea-457a-af59-88a1db6d1f20:Release_0"
            }
          },
          "FE": {
            "endpoint": {
              "uri": "arn:aws:lambda:us-west-2:836743544584:function:a35bcd09-dbea-457a-af59-88a1db6d1f20:Release_0"
            }
          }
        }
      }
    },
    "manifestVersion": "1.0",
    "publishingInformation": {
      "category": "KNOWLEDGE_AND_TRIVIA",
      "distributionCountries": [],
      "isAvailableWorldwide": true,
      "locales": {
        "de-DE": {
          "name": "Alexa Voice Adventure"
        }
      },
      "testingInstructions": "Sample Testing Instructions."
    }
  }
}